Oct-47;Office;Ward;Precinct;Loughlin;Obrien;Sullivan;Sweeney;Blank;Peterson;Wimelow;Burke ;Kamyck;Kelley;Wells ;Nall;McManus;Shea;Tomaiolo;Fitzgerald;Grigantis;Lavin;Sweeney;Troy;Wane;Obrien2;Belton;Kane;Doyle;Farrell;Lajone;Mulbury;Lynch;Brodrick;Gordon;Rich;Tilton;Bjorneman;Mayor;Alaine;Burgerstrom;Bretwalton;King;Doherty;Tilton2;Backerman;Doridoon;Ladd;Lamphell
Dem;Mayor;1;1;20;27;105;2;1;;NA;NA;NA;NA;NA;NA;NA;NA;NA;;;;;;;;;;;;;;;;;;;;;;;;;;;;;;
Dem;Mayor;1;2;6;7;43;3;1;;NA;NA;NA;NA;NA;NA;NA;NA;NA;;;;;;;;;;;;;;;;;;;;;;;;;;;;;;
Dem;Mayor;1;3;3;2;74;1;3;;NA;NA;NA;NA;NA;NA;NA;NA;NA;;;;;;;;;;;;;;;;;;;;;;;;;;;;;;
Dem;Mayor;1;4;11;5;30;1;1;;NA;NA;NA;NA;NA;NA;NA;NA;NA;;;;;;;;;;;;;;;;;;;;;;;;;;;;;;
Dem;Mayor;1;5;14;6;40;1;1;;NA;NA;NA;NA;NA;NA;NA;NA;NA;;;;;;;;;;;;;;;;;;;;;;;;;;;;;;
Dem;Mayor;1;6;5;11;32;0;1;;NA;NA;NA;NA;NA;NA;NA;NA;NA;;;;;;;;;;;;;;;;;;;;;;;;;;;;;;
Dem;Mayor;1;7;5;9;18;1;0;;NA;NA;NA;NA;NA;NA;NA;NA;NA;;;;;;;;;;;;;;;;;;;;;;;;;;;;;;
Dem;Mayor;1;8;11;10;31;0;3;;NA;NA;NA;NA;NA;NA;NA;NA;NA;;;;;;;;;;;;;;;;;;;;;;;;;;;;;;
Dem;Mayor;2;1;19;27;77;2;4;;NA;NA;NA;NA;NA;NA;NA;NA;NA;;;;;;;;;;;;;;;;;;;;;;;;;;;;;;
Dem;Mayor;2;2;5;6;36;2;3;;NA;NA;NA;NA;NA;NA;NA;NA;NA;;;;;;;;;;;;;;;;;;;;;;;;;;;;;;
Dem;Mayor;2;3;20;41;108;0;3;;NA;NA;NA;NA;NA;NA;NA;NA;NA;;;;;;;;;;;;;;;;;;;;;;;;;;;;;;
Dem;Mayor;2;4;30;43;88;0;2;;NA;NA;NA;NA;NA;NA;NA;NA;NA;;;;;;;;;;;;;;;;;;;;;;;;;;;;;;
Dem;Mayor;2;5;9;15;52;1;2;;NA;NA;NA;NA;NA;NA;NA;NA;NA;;;;;;;;;;;;;;;;;;;;;;;;;;;;;;
Dem;Mayor;2;6;32;21;93;2;9;;NA;NA;NA;NA;NA;NA;NA;NA;NA;;;;;;;;;;;;;;;;;;;;;;;;;;;;;;
Dem;Mayor;2;7;16;21;48;3;0;;NA;NA;NA;NA;NA;NA;NA;NA;NA;;;;;;;;;;;;;;;;;;;;;;;;;;;;;;
Dem;Mayor;2;8;10;14;37;3;1;;NA;NA;NA;NA;NA;NA;NA;NA;NA;;;;;;;;;;;;;;;;;;;;;;;;;;;;;;
Dem;Mayor;3;1;226;120;418;34;17;;NA;NA;NA;NA;NA;NA;NA;NA;NA;;;;;;;;;;;;;;;;;;;;;;;;;;;;;;
Dem;Mayor;3;2;40;61;171;5;11;;NA;NA;NA;NA;NA;NA;NA;NA;NA;;;;;;;;;;;;;;;;;;;;;;;;;;;;;;
Dem;Mayor;3;3;124;94;549;20;78;;NA;NA;NA;NA;NA;NA;NA;NA;NA;;;;;;;;;;;;;;;;;;;;;;;;;;;;;;
Dem;Mayor;3;4;89;112;416;13;46;;NA;NA;NA;NA;NA;NA;NA;NA;NA;;;;;;;;;;;;;;;;;;;;;;;;;;;;;;
Dem;Mayor;3;5;15;28;120;6;7;;NA;NA;NA;NA;NA;NA;NA;NA;NA;;;;;;;;;;;;;;;;;;;;;;;;;;;;;;
Dem;Mayor;3;6;92;57;173;2;13;;NA;NA;NA;NA;NA;NA;NA;NA;NA;;;;;;;;;;;;;;;;;;;;;;;;;;;;;;
Dem;Mayor;3;7;20;25;87;2;7;;NA;NA;NA;NA;NA;NA;NA;NA;NA;;;;;;;;;;;;;;;;;;;;;;;;;;;;;;
Dem;Mayor;3;8;105;93;524;9;53;;NA;NA;NA;NA;NA;NA;NA;NA;NA;;;;;;;;;;;;;;;;;;;;;;;;;;;;;;
Dem;Mayor;4;1;278;100;331;12;44;;NA;NA;NA;NA;NA;NA;NA;NA;NA;;;;;;;;;;;;;;;;;;;;;;;;;;;;;;
Dem;Mayor;4;2;301;59;197;9;22;;NA;NA;NA;NA;NA;NA;NA;NA;NA;;;;;;;;;;;;;;;;;;;;;;;;;;;;;;
Dem;Mayor;4;3;102;27;109;3;13;;NA;NA;NA;NA;NA;NA;NA;NA;NA;;;;;;;;;;;;;;;;;;;;;;;;;;;;;;
Dem;Mayor;4;4;171;50;187;7;18;;NA;NA;NA;NA;NA;NA;NA;NA;NA;;;;;;;;;;;;;;;;;;;;;;;;;;;;;;
Dem;Mayor;4;5;150;43;118;15;20;;NA;NA;NA;NA;NA;NA;NA;NA;NA;;;;;;;;;;;;;;;;;;;;;;;;;;;;;;
Dem;Mayor;4;6;191;56;202;9;14;;NA;NA;NA;NA;NA;NA;NA;NA;NA;;;;;;;;;;;;;;;;;;;;;;;;;;;;;;
Dem;Mayor;4;7;271;85;197;11;16;;NA;NA;NA;NA;NA;NA;NA;NA;NA;;;;;;;;;;;;;;;;;;;;;;;;;;;;;;
Dem;Mayor;4;8;120;31;124;4;13;;NA;NA;NA;NA;NA;NA;NA;NA;NA;;;;;;;;;;;;;;;;;;;;;;;;;;;;;;
Dem;Mayor;4;9;123;49;170;3;6;;NA;NA;NA;NA;NA;NA;NA;NA;NA;;;;;;;;;;;;;;;;;;;;;;;;;;;;;;
Dem;Mayor;4;10;108;22;173;9;28;;NA;NA;NA;NA;NA;NA;NA;NA;NA;;;;;;;;;;;;;;;;;;;;;;;;;;;;;;
Dem;Mayor;5;1;89;117;232;6;25;;NA;NA;NA;NA;NA;NA;NA;NA;NA;;;;;;;;;;;;;;;;;;;;;;;;;;;;;;
Dem;Mayor;5;2;161;101;350;7;27;;NA;NA;NA;NA;NA;NA;NA;NA;NA;;;;;;;;;;;;;;;;;;;;;;;;;;;;;;
Dem;Mayor;5;3;61;83;343;4;12;;NA;NA;NA;NA;NA;NA;NA;NA;NA;;;;;;;;;;;;;;;;;;;;;;;;;;;;;;
Dem;Mayor;5;4;50;64;172;6;8;;NA;NA;NA;NA;NA;NA;NA;NA;NA;;;;;;;;;;;;;;;;;;;;;;;;;;;;;;
Dem;Mayor;5;5;64;69;241;9;6;;NA;NA;NA;NA;NA;NA;NA;NA;NA;;;;;;;;;;;;;;;;;;;;;;;;;;;;;;
Dem;Mayor;5;6;156;136;388;10;31;;NA;NA;NA;NA;NA;NA;NA;NA;NA;;;;;;;;;;;;;;;;;;;;;;;;;;;;;;
Dem;Mayor;5;7;47;59;182;4;12;;NA;NA;NA;NA;NA;NA;NA;NA;NA;;;;;;;;;;;;;;;;;;;;;;;;;;;;;;
Dem;Mayor;6;1;47;39;106;1;7;;NA;NA;NA;NA;NA;NA;NA;NA;NA;;;;;;;;;;;;;;;;;;;;;;;;;;;;;;
Dem;Mayor;6;2;61;43;149;4;3;;NA;NA;NA;NA;NA;NA;NA;NA;NA;;;;;;;;;;;;;;;;;;;;;;;;;;;;;;
Dem;Mayor;6;3;68;57;212;2;7;;NA;NA;NA;NA;NA;NA;NA;NA;NA;;;;;;;;;;;;;;;;;;;;;;;;;;;;;;
Dem;Mayor;6;4;10;10;30;1;5;;NA;NA;NA;NA;NA;NA;NA;NA;NA;;;;;;;;;;;;;;;;;;;;;;;;;;;;;;
Dem;Mayor;6;5;19;30;89;6;1;;NA;NA;NA;NA;NA;NA;NA;NA;NA;;;;;;;;;;;;;;;;;;;;;;;;;;;;;;
Dem;Mayor;6;6;66;24;115;2;9;;NA;NA;NA;NA;NA;NA;NA;NA;NA;;;;;;;;;;;;;;;;;;;;;;;;;;;;;;
Dem;Mayor;6;7;90;62;244;4;16;;NA;NA;NA;NA;NA;NA;NA;NA;NA;;;;;;;;;;;;;;;;;;;;;;;;;;;;;;
Dem;Mayor;6;8;12;10;34;0;1;;NA;NA;NA;NA;NA;NA;NA;NA;NA;;;;;;;;;;;;;;;;;;;;;;;;;;;;;;
Dem;Mayor;7;1;16;17;140;5;6;;;;;;;;NA;NA;NA;;;;;;;;;;;;;;;;;;;;;;;;;;;;;;
Dem;Mayor;7;2;46;40;133;8;7;;;;;;;;NA;NA;NA;;;;;;;;;;;;;;;;;;;;;;;;;;;;;;
Dem;Mayor;7;3;19;31;77;2;1;;;;;;;;NA;NA;NA;;;;;;;;;;;;;;;;;;;;;;;;;;;;;;
Dem;Mayor;7;4;44;43;170;2;1;;;;;;;;NA;NA;NA;;;;;;;;;;;;;;;;;;;;;;;;;;;;;;
Dem;Mayor;7;5;15;25;129;3;6;;;;;;;;NA;NA;NA;;;;;;;;;;;;;;;;;;;;;;;;;;;;;;
Dem;Mayor;7;6;31;43;180;7;6;;;;;;;;NA;NA;NA;;;;;;;;;;;;;;;;;;;;;;;;;;;;;;
Dem;Mayor;7;7;15;35;141;3;1;;;;;;;;NA;NA;NA;;;;;;;;;;;;;;;;;;;;;;;;;;;;;;
Dem;Mayor;7;8;23;17;69;2;2;;;;;;;;NA;NA;NA;;;;;;;;;;;;;;;;;;;;;;;;;;;;;;
Dem;Mayor;8;1;29;58;147;5;7;;;;;;;;NA;NA;NA;;;;;;;;;;;;;;;;;;;;;;;;;;;;;;
Dem;Mayor;8;2;50;69;228;9;13;;;;;;;;NA;NA;NA;;;;;;;;;;;;;;;;;;;;;;;;;;;;;;
Dem;Mayor;8;3;35;58;239;11;14;;;;;;;;NA;NA;NA;;;;;;;;;;;;;;;;;;;;;;;;;;;;;;
Dem;Mayor;8;4;33;50;166;3;3;;;;;;;;NA;NA;NA;;;;;;;;;;;;;;;;;;;;;;;;;;;;;;
Dem;Mayor;8;5;12;30;110;9;3;;;;;;;;NA;NA;NA;;;;;;;;;;;;;;;;;;;;;;;;;;;;;;
Dem;Mayor;8;6;25;20;134;4;2;;;;;;;;NA;NA;NA;;;;;;;;;;;;;;;;;;;;;;;;;;;;;;
Dem;Mayor;9;1;2;36;112;1;11;NA;NA;NA;NA;NA;NA;NA;NA;NA;NA;;;;;;;;;;;;;;;;;;;;;;;;;;;;;;
Dem;Mayor;9;2;20;27;90;0;8;NA;NA;NA;NA;NA;NA;NA;NA;NA;NA;;;;;;;;;;;;;;;;;;;;;;;;;;;;;;
Dem;Mayor;9;3;28;34;127;6;2;NA;NA;NA;NA;NA;NA;NA;NA;NA;NA;;;;;;;;;;;;;;;;;;;;;;;;;;;;;;
Dem;Mayor;9;4;20;19;137;2;5;NA;NA;NA;NA;NA;NA;NA;NA;NA;NA;;;;;;;;;;;;;;;;;;;;;;;;;;;;;;
Dem;Mayor;9;5;27;18;123;1;3;NA;NA;NA;NA;NA;NA;NA;NA;NA;NA;;;;;;;;;;;;;;;;;;;;;;;;;;;;;;
Dem;Mayor;9;6;9;17;101;0;4;NA;NA;NA;NA;NA;NA;NA;NA;NA;NA;;;;;;;;;;;;;;;;;;;;;;;;;;;;;;
Dem;Mayor;9;7;16;18;56;2;2;NA;NA;NA;NA;NA;NA;NA;NA;NA;NA;;;;;;;;;;;;;;;;;;;;;;;;;;;;;;
Dem;Mayor;10;1;8;18;106;1;3;NA;NA;NA;NA;NA;NA;NA;NA;NA;NA;;;;;;;;;;;;;;;;;;;;;;;;;;;;;;
Dem;Mayor;10;2;32;19;115;2;1;NA;NA;NA;NA;NA;NA;NA;NA;NA;NA;;;;;;;;;;;;;;;;;;;;;;;;;;;;;;
Dem;Mayor;10;3;5;17;91;2;1;NA;NA;NA;NA;NA;NA;NA;NA;NA;NA;;;;;;;;;;;;;;;;;;;;;;;;;;;;;;
Dem;Mayor;10;4;4;8;53;1;1;NA;NA;NA;NA;NA;NA;NA;NA;NA;NA;;;;;;;;;;;;;;;;;;;;;;;;;;;;;;
Dem;Mayor;10;5;18;7;52;0;0;NA;NA;NA;NA;NA;NA;NA;NA;NA;NA;;;;;;;;;;;;;;;;;;;;;;;;;;;;;;
Dem;Mayor;10;6;5;3;65;1;2;NA;NA;NA;NA;NA;NA;NA;NA;NA;NA;;;;;;;;;;;;;;;;;;;;;;;;;;;;;;
Dem;Mayor;10;7;8;11;67;1;2;NA;NA;NA;NA;NA;NA;NA;NA;NA;NA;;;;;;;;;;;;;;;;;;;;;;;;;;;;;;
Rep;Mayor;1;1;NA;NA;NA;NA;16;111;133;NA;NA;NA;NA;NA;NA;NA;NA;;;;;;;;;;;;;;;;;;;;;;;;;;;;;;
Rep;Mayor;1;2;NA;NA;NA;NA;9;124;106;NA;NA;NA;NA;NA;NA;NA;NA;;;;;;;;;;;;;;;;;;;;;;;;;;;;;;
Rep;Mayor;1;3;NA;NA;NA;NA;44;192;384;NA;NA;NA;NA;NA;NA;NA;NA;;;;;;;;;;;;;;;;;;;;;;;;;;;;;;
Rep;Mayor;1;4;NA;NA;NA;NA;31;243;231;NA;NA;NA;NA;NA;NA;NA;NA;;;;;;;;;;;;;;;;;;;;;;;;;;;;;;
Rep;Mayor;1;5;NA;NA;NA;NA;24;135;258;NA;NA;NA;NA;NA;NA;NA;NA;;;;;;;;;;;;;;;;;;;;;;;;;;;;;;
Rep;Mayor;1;6;NA;NA;NA;NA;49;289;383;NA;NA;NA;NA;NA;NA;NA;NA;;;;;;;;;;;;;;;;;;;;;;;;;;;;;;
Rep;Mayor;1;7;NA;NA;NA;NA;29;185;184;NA;NA;NA;NA;NA;NA;NA;NA;;;;;;;;;;;;;;;;;;;;;;;;;;;;;;
Rep;Mayor;1;8;NA;NA;NA;NA;15;126;135;NA;NA;NA;NA;NA;NA;NA;NA;;;;;;;;;;;;;;;;;;;;;;;;;;;;;;
Rep;Mayor;2;1;NA;NA;NA;NA;42;121;125;NA;NA;NA;NA;NA;NA;NA;NA;;;;;;;;;;;;;;;;;;;;;;;;;;;;;;
Rep;Mayor;2;2;NA;NA;NA;NA;19;148;88;NA;NA;NA;NA;NA;NA;NA;NA;;;;;;;;;;;;;;;;;;;;;;;;;;;;;;
Rep;Mayor;2;3;NA;NA;NA;NA;24;145;183;NA;NA;NA;NA;NA;NA;NA;NA;;;;;;;;;;;;;;;;;;;;;;;;;;;;;;
Rep;Mayor;2;4;NA;NA;NA;NA;58;202;328;NA;NA;NA;NA;NA;NA;NA;NA;;;;;;;;;;;;;;;;;;;;;;;;;;;;;;
Rep;Mayor;2;5;NA;NA;NA;NA;13;82;81;NA;NA;NA;NA;NA;NA;NA;NA;;;;;;;;;;;;;;;;;;;;;;;;;;;;;;
Rep;Mayor;2;6;NA;NA;NA;NA;48;154;108;NA;NA;NA;NA;NA;NA;NA;NA;;;;;;;;;;;;;;;;;;;;;;;;;;;;;;
Rep;Mayor;2;7;NA;NA;NA;NA;37;231;390;NA;NA;NA;NA;NA;NA;NA;NA;;;;;;;;;;;;;;;;;;;;;;;;;;;;;;
Rep;Mayor;2;8;NA;NA;NA;NA;20;99;137;NA;NA;NA;NA;NA;NA;NA;NA;;;;;;;;;;;;;;;;;;;;;;;;;;;;;;
Rep;Mayor;3;1;NA;NA;NA;NA;3;13;11;NA;NA;NA;NA;NA;NA;NA;NA;;;;;;;;;;;;;;;;;;;;;;;;;;;;;;
Rep;Mayor;3;2;NA;NA;NA;NA;13;27;26;NA;NA;NA;NA;NA;NA;NA;NA;;;;;;;;;;;;;;;;;;;;;;;;;;;;;;
Rep;Mayor;3;3;NA;NA;NA;NA;8;25;19;NA;NA;NA;NA;NA;NA;NA;NA;;;;;;;;;;;;;;;;;;;;;;;;;;;;;;
Rep;Mayor;3;4;NA;NA;NA;NA;17;59;51;NA;NA;NA;NA;NA;NA;NA;NA;;;;;;;;;;;;;;;;;;;;;;;;;;;;;;
Rep;Mayor;3;5;NA;NA;NA;NA;8;51;49;NA;NA;NA;NA;NA;NA;NA;NA;;;;;;;;;;;;;;;;;;;;;;;;;;;;;;
Rep;Mayor;3;6;NA;NA;NA;NA;5;32;36;NA;NA;NA;NA;NA;NA;NA;NA;;;;;;;;;;;;;;;;;;;;;;;;;;;;;;
Rep;Mayor;3;7;NA;NA;NA;NA;7;31;39;NA;NA;NA;NA;NA;NA;NA;NA;;;;;;;;;;;;;;;;;;;;;;;;;;;;;;
Rep;Mayor;3;8;NA;NA;NA;NA;12;17;24;NA;NA;NA;NA;NA;NA;NA;NA;;;;;;;;;;;;;;;;;;;;;;;;;;;;;;
Rep;Mayor;4;1;NA;NA;NA;NA;7;17;22;NA;NA;NA;NA;NA;NA;NA;NA;;;;;;;;;;;;;;;;;;;;;;;;;;;;;;
Rep;Mayor;4;2;NA;NA;NA;NA;6;14;10;NA;NA;NA;NA;NA;NA;NA;NA;;;;;;;;;;;;;;;;;;;;;;;;;;;;;;
Rep;Mayor;4;3;NA;NA;NA;NA;9;25;28;NA;NA;NA;NA;NA;NA;NA;NA;;;;;;;;;;;;;;;;;;;;;;;;;;;;;;
Rep;Mayor;4;4;NA;NA;NA;NA;7;20;33;NA;NA;NA;NA;NA;NA;NA;NA;;;;;;;;;;;;;;;;;;;;;;;;;;;;;;
Rep;Mayor;4;5;NA;NA;NA;NA;1;18;35;NA;NA;NA;NA;NA;NA;NA;NA;;;;;;;;;;;;;;;;;;;;;;;;;;;;;;
Rep;Mayor;4;6;NA;NA;NA;NA;5;24;21;NA;NA;NA;NA;NA;NA;NA;NA;;;;;;;;;;;;;;;;;;;;;;;;;;;;;;
Rep;Mayor;4;7;NA;NA;NA;NA;6;13;11;NA;NA;NA;NA;NA;NA;NA;NA;;;;;;;;;;;;;;;;;;;;;;;;;;;;;;
Rep;Mayor;4;8;NA;NA;NA;NA;10;20;24;NA;NA;NA;NA;NA;NA;NA;NA;;;;;;;;;;;;;;;;;;;;;;;;;;;;;;
Rep;Mayor;4;9;NA;NA;NA;NA;3;13;21;NA;NA;NA;NA;NA;NA;NA;NA;;;;;;;;;;;;;;;;;;;;;;;;;;;;;;
Rep;Mayor;4;10;NA;NA;NA;NA;6;17;15;NA;NA;NA;NA;NA;NA;NA;NA;;;;;;;;;;;;;;;;;;;;;;;;;;;;;;
Rep;Mayor;5;1;NA;NA;NA;NA;4;18;7;NA;NA;NA;NA;NA;NA;NA;NA;;;;;;;;;;;;;;;;;;;;;;;;;;;;;;
Rep;Mayor;5;2;NA;NA;NA;NA;0;19;15;NA;NA;NA;NA;NA;NA;NA;NA;;;;;;;;;;;;;;;;;;;;;;;;;;;;;;
Rep;Mayor;5;3;NA;NA;NA;NA;12;34;48;NA;NA;NA;NA;NA;NA;NA;NA;;;;;;;;;;;;;;;;;;;;;;;;;;;;;;
Rep;Mayor;5;4;NA;NA;NA;NA;6;10;11;NA;NA;NA;NA;NA;NA;NA;NA;;;;;;;;;;;;;;;;;;;;;;;;;;;;;;
Rep;Mayor;5;5;NA;NA;NA;NA;11;16;34;NA;NA;NA;NA;NA;NA;NA;NA;;;;;;;;;;;;;;;;;;;;;;;;;;;;;;
Rep;Mayor;5;6;NA;NA;NA;NA;8;17;6;NA;NA;NA;NA;NA;NA;NA;NA;;;;;;;;;;;;;;;;;;;;;;;;;;;;;;
Rep;Mayor;5;7;NA;NA;NA;NA;7;10;10;NA;NA;NA;NA;NA;NA;NA;NA;;;;;;;;;;;;;;;;;;;;;;;;;;;;;;
Rep;Mayor;6;1;NA;NA;NA;NA;13;50;37;NA;NA;NA;NA;NA;NA;NA;NA;;;;;;;;;;;;;;;;;;;;;;;;;;;;;;
Rep;Mayor;6;2;NA;NA;NA;NA;7;41;32;NA;NA;NA;NA;NA;NA;NA;NA;;;;;;;;;;;;;;;;;;;;;;;;;;;;;;
Rep;Mayor;6;3;NA;NA;NA;NA;20;39;27;NA;NA;NA;NA;NA;NA;NA;NA;;;;;;;;;;;;;;;;;;;;;;;;;;;;;;
Rep;Mayor;6;4;NA;NA;NA;NA;24;317;34;NA;NA;NA;NA;NA;NA;NA;NA;;;;;;;;;;;;;;;;;;;;;;;;;;;;;;
Rep;Mayor;6;5;NA;NA;NA;NA;9;56;67;NA;NA;NA;NA;NA;NA;NA;NA;;;;;;;;;;;;;;;;;;;;;;;;;;;;;;
Rep;Mayor;6;6;NA;NA;NA;NA;11;73;20;NA;NA;NA;NA;NA;NA;NA;NA;;;;;;;;;;;;;;;;;;;;;;;;;;;;;;
Rep;Mayor;7;1;NA;NA;NA;NA;10;40;52;NA;NA;NA;NA;NA;NA;NA;NA;;;;;;;;;;;;;;;;;;;;;;;;;;;;;;
Rep;Mayor;7;2;NA;NA;NA;NA;20;74;78;NA;NA;NA;NA;NA;NA;NA;NA;;;;;;;;;;;;;;;;;;;;;;;;;;;;;;
Rep;Mayor;7;3;NA;NA;NA;NA;14;53;102;NA;NA;NA;NA;NA;NA;NA;NA;;;;;;;;;;;;;;;;;;;;;;;;;;;;;;
Rep;Mayor;7;4;NA;NA;NA;NA;24;76;134;NA;NA;NA;NA;NA;NA;NA;NA;;;;;;;;;;;;;;;;;;;;;;;;;;;;;;
Rep;Mayor;7;5;NA;NA;NA;NA;34;122;90;NA;NA;NA;NA;NA;NA;NA;NA;;;;;;;;;;;;;;;;;;;;;;;;;;;;;;
Rep;Mayor;7;6;NA;NA;NA;NA;14;31;59;NA;NA;NA;NA;NA;NA;NA;NA;;;;;;;;;;;;;;;;;;;;;;;;;;;;;;
Rep;Mayor;7;7;NA;NA;NA;NA;24;109;169;NA;NA;NA;NA;NA;NA;NA;NA;;;;;;;;;;;;;;;;;;;;;;;;;;;;;;
Rep;Mayor;7;8;NA;NA;NA;NA;28;65;90;NA;NA;NA;NA;NA;NA;NA;NA;;;;;;;;;;;;;;;;;;;;;;;;;;;;;;
Rep;Mayor;8;1;NA;NA;NA;NA;12;57;48;NA;NA;NA;NA;NA;NA;NA;NA;;;;;;;;;;;;;;;;;;;;;;;;;;;;;;
Rep;Mayor;8;2;NA;NA;NA;NA;11;36;36;NA;NA;NA;NA;NA;NA;NA;NA;;;;;;;;;;;;;;;;;;;;;;;;;;;;;;
Rep;Mayor;8;3;NA;NA;NA;NA;7;38;59;NA;NA;NA;NA;NA;NA;NA;NA;;;;;;;;;;;;;;;;;;;;;;;;;;;;;;
Rep;Mayor;8;4;NA;NA;NA;NA;21;55;93;NA;NA;NA;NA;NA;NA;NA;NA;;;;;;;;;;;;;;;;;;;;;;;;;;;;;;
Rep;Mayor;8;5;NA;NA;NA;NA;1;31;39;NA;NA;NA;NA;NA;NA;NA;NA;;;;;;;;;;;;;;;;;;;;;;;;;;;;;;
Rep;Mayor;8;6;NA;NA;NA;NA;10;28;57;NA;NA;NA;NA;NA;NA;NA;NA;;;;;;;;;;;;;;;;;;;;;;;;;;;;;;
Rep;Mayor;9;1;NA;NA;NA;NA;13;53;85;NA;NA;NA;NA;NA;NA;NA;NA;;;;;;;;;;;;;;;;;;;;;;;;;;;;;;
Rep;Mayor;9;2;NA;NA;NA;NA;60;149;199;NA;NA;NA;NA;NA;NA;NA;NA;;;;;;;;;;;;;;;;;;;;;;;;;;;;;;
Rep;Mayor;9;3;NA;NA;NA;NA;17;96;88;NA;NA;NA;NA;NA;NA;NA;NA;;;;;;;;;;;;;;;;;;;;;;;;;;;;;;
Rep;Mayor;9;4;NA;NA;NA;NA;30;116;126;NA;NA;NA;NA;NA;NA;NA;NA;;;;;;;;;;;;;;;;;;;;;;;;;;;;;;
Rep;Mayor;9;5;NA;NA;NA;NA;38;163;231;NA;NA;NA;NA;NA;NA;NA;NA;;;;;;;;;;;;;;;;;;;;;;;;;;;;;;
Rep;Mayor;9;6;NA;NA;NA;NA;45;107;193;NA;NA;NA;NA;NA;NA;NA;NA;;;;;;;;;;;;;;;;;;;;;;;;;;;;;;
Rep;Mayor;9;7;NA;NA;NA;NA;48;148;266;NA;NA;NA;NA;NA;NA;NA;NA;;;;;;;;;;;;;;;;;;;;;;;;;;;;;;
Rep;Mayor;10;1;NA;NA;NA;NA;38;163;278;NA;NA;NA;NA;NA;NA;NA;NA;;;;;;;;;;;;;;;;;;;;;;;;;;;;;;
Rep;Mayor;10;2;NA;NA;NA;NA;19;130;163;NA;NA;NA;NA;NA;NA;NA;NA;;;;;;;;;;;;;;;;;;;;;;;;;;;;;;
Rep;Mayor;10;3;NA;NA;NA;NA;18;50;60;NA;NA;NA;NA;NA;NA;NA;NA;;;;;;;;;;;;;;;;;;;;;;;;;;;;;;
Rep;Mayor;10;4;NA;NA;NA;NA;29;98;224;NA;NA;NA;NA;NA;NA;NA;NA;;;;;;;;;;;;;;;;;;;;;;;;;;;;;;
Rep;Mayor;10;5;NA;NA;NA;NA;42;214;334;NA;NA;NA;NA;NA;NA;NA;NA;;;;;;;;;;;;;;;;;;;;;;;;;;;;;;
Rep;Mayor;10;6;NA;NA;NA;NA;25;111;166;NA;NA;NA;NA;NA;NA;NA;NA;;;;;;;;;;;;;;;;;;;;;;;;;;;;;;
Rep;Mayor;10;7;NA;NA;NA;NA;56;103;228;NA;NA;NA;NA;NA;NA;NA;NA;;;;;;;;;;;;;;;;;;;;;;;;;;;;;;
Dem;AldermanAL;1;1;NA;NA;NA;NA;10;NA;NA;45;2;33;65;NA;NA;NA;NA;;;;;;;;;;;;;;;;;;;;;;;;;;;;;;
Dem;AldermanAL;1;2;NA;NA;NA;NA;4;NA;NA;14;1;13;28;NA;NA;NA;NA;;;;;;;;;;;;;;;;;;;;;;;;;;;;;;
Dem;AldermanAL;1;3;NA;NA;NA;NA;5;NA;NA;32;1;20;25;NA;NA;NA;NA;;;;;;;;;;;;;;;;;;;;;;;;;;;;;;
Dem;AldermanAL;1;4;NA;NA;NA;NA;2;NA;NA;12;2;12;20;NA;NA;NA;NA;;;;;;;;;;;;;;;;;;;;;;;;;;;;;;
Dem;AldermanAL;1;5;NA;NA;NA;NA;5;NA;NA;13;0;11;33;NA;NA;NA;NA;;;;;;;;;;;;;;;;;;;;;;;;;;;;;;
Dem;AldermanAL;1;6;NA;NA;NA;NA;3;NA;NA;19;0;7;20;NA;NA;NA;NA;;;;;;;;;;;;;;;;;;;;;;;;;;;;;;
Dem;AldermanAL;1;7;NA;NA;NA;NA;4;NA;NA;6;2;8;10;NA;NA;NA;NA;;;;;;;;;;;;;;;;;;;;;;;;;;;;;;
Dem;AldermanAL;1;8;NA;NA;NA;NA;2;NA;NA;10;0;10;33;NA;NA;NA;NA;;;;;;;;;;;;;;;;;;;;;;;;;;;;;;
Dem;AldermanAL;2;1;NA;NA;NA;NA;9;NA;NA;33;0;23;64;NA;NA;NA;NA;;;;;;;;;;;;;;;;;;;;;;;;;;;;;;
Dem;AldermanAL;2;2;NA;NA;NA;NA;2;NA;NA;5;2;10;33;NA;NA;NA;NA;;;;;;;;;;;;;;;;;;;;;;;;;;;;;;
Dem;AldermanAL;2;3;NA;NA;NA;NA;9;NA;NA;44;0;23;96;NA;NA;NA;NA;;;;;;;;;;;;;;;;;;;;;;;;;;;;;;
Dem;AldermanAL;2;4;NA;NA;NA;NA;6;NA;NA;36;8;22;91;NA;NA;NA;NA;;;;;;;;;;;;;;;;;;;;;;;;;;;;;;
Dem;AldermanAL;2;5;NA;NA;NA;NA;3;NA;NA;19;6;8;43;NA;NA;NA;NA;;;;;;;;;;;;;;;;;;;;;;;;;;;;;;
Dem;AldermanAL;2;6;NA;NA;NA;NA;12;NA;NA;30;3;23;89;NA;NA;NA;NA;;;;;;;;;;;;;;;;;;;;;;;;;;;;;;
Dem;AldermanAL;2;7;NA;NA;NA;NA;1;NA;NA;21;4;18;44;NA;NA;NA;NA;;;;;;;;;;;;;;;;;;;;;;;;;;;;;;
Dem;AldermanAL;2;8;NA;NA;NA;NA;2;NA;NA;9;3;16;35;NA;NA;NA;NA;;;;;;;;;;;;;;;;;;;;;;;;;;;;;;
Dem;AldermanAL;3;1;NA;NA;NA;NA;131;NA;NA;90;19;198;377;NA;NA;NA;NA;;;;;;;;;;;;;;;;;;;;;;;;;;;;;;
Dem;AldermanAL;3;2;NA;NA;NA;NA;14;NA;NA;50;16;47;161;NA;NA;NA;NA;;;;;;;;;;;;;;;;;;;;;;;;;;;;;;
Dem;AldermanAL;3;3;NA;NA;NA;NA;179;NA;NA;102;19;178;387;NA;NA;NA;NA;;;;;;;;;;;;;;;;;;;;;;;;;;;;;;
Dem;AldermanAL;3;4;NA;NA;NA;NA;88;NA;NA;87;15;133;353;NA;NA;NA;NA;;;;;;;;;;;;;;;;;;;;;;;;;;;;;;
Dem;AldermanAL;3;5;NA;NA;NA;NA;13;NA;NA;38;3;42;80;NA;NA;NA;NA;;;;;;;;;;;;;;;;;;;;;;;;;;;;;;
Dem;AldermanAL;3;6;NA;NA;NA;NA;27;NA;NA;61;3;64;182;NA;NA;NA;NA;;;;;;;;;;;;;;;;;;;;;;;;;;;;;;
Dem;AldermanAL;3;7;NA;NA;NA;NA;16;NA;NA;36;4;23;62;NA;NA;NA;NA;;;;;;;;;;;;;;;;;;;;;;;;;;;;;;
Dem;AldermanAL;3;8;NA;NA;NA;NA;137;NA;NA;102;13;139;393;NA;NA;NA;NA;;;;;;;;;;;;;;;;;;;;;;;;;;;;;;
Dem;AldermanAL;4;1;NA;NA;NA;NA;62;NA;NA;129;36;176;362;NA;NA;NA;NA;;;;;;;;;;;;;;;;;;;;;;;;;;;;;;
Dem;AldermanAL;4;2;NA;NA;NA;NA;64;NA;NA;73;40;98;313;NA;NA;NA;NA;;;;;;;;;;;;;;;;;;;;;;;;;;;;;;
Dem;AldermanAL;4;3;NA;NA;NA;NA;19;NA;NA;44;2;35;154;NA;NA;NA;NA;;;;;;;;;;;;;;;;;;;;;;;;;;;;;;
Dem;AldermanAL;4;4;NA;NA;NA;NA;28;NA;NA;68;14;76;247;NA;NA;NA;NA;;;;;;;;;;;;;;;;;;;;;;;;;;;;;;
Dem;AldermanAL;4;5;NA;NA;NA;NA;22;NA;NA;59;2;76;187;NA;NA;NA;NA;;;;;;;;;;;;;;;;;;;;;;;;;;;;;;
Dem;AldermanAL;4;6;NA;NA;NA;NA;28;NA;NA;94;16;75;259;NA;NA;NA;NA;;;;;;;;;;;;;;;;;;;;;;;;;;;;;;
Dem;AldermanAL;4;7;NA;NA;NA;NA;51;NA;NA;71;24;130;304;NA;NA;NA;NA;;;;;;;;;;;;;;;;;;;;;;;;;;;;;;
Dem;AldermanAL;4;8;NA;NA;NA;NA;35;NA;NA;34;4;56;163;NA;NA;NA;NA;;;;;;;;;;;;;;;;;;;;;;;;;;;;;;
Dem;AldermanAL;4;9;NA;NA;NA;NA;13;NA;NA;58;4;62;214;NA;NA;NA;NA;;;;;;;;;;;;;;;;;;;;;;;;;;;;;;
Dem;AldermanAL;4;10;NA;NA;NA;NA;50;NA;NA;25;7;42;216;NA;NA;NA;NA;;;;;;;;;;;;;;;;;;;;;;;;;;;;;;
Dem;AldermanAL;5;1;NA;NA;NA;NA;38;NA;NA;28;60;184;159;NA;NA;NA;NA;;;;;;;;;;;;;;;;;;;;;;;;;;;;;;
Dem;AldermanAL;5;2;NA;NA;NA;NA;31;NA;NA;73;55;285;202;NA;NA;NA;NA;;;;;;;;;;;;;;;;;;;;;;;;;;;;;;
Dem;AldermanAL;5;3;NA;NA;NA;NA;18;NA;NA;75;12;191;207;NA;NA;NA;NA;;;;;;;;;;;;;;;;;;;;;;;;;;;;;;
Dem;AldermanAL;5;4;NA;NA;NA;NA;14;NA;NA;34;6;68;178;NA;NA;NA;NA;;;;;;;;;;;;;;;;;;;;;;;;;;;;;;
Dem;AldermanAL;5;5;NA;NA;NA;NA;8;NA;NA;77;2;110;192;NA;NA;NA;NA;;;;;;;;;;;;;;;;;;;;;;;;;;;;;;
Dem;AldermanAL;5;6;NA;NA;NA;NA;84;NA;NA;49;133;216;239;NA;NA;NA;NA;;;;;;;;;;;;;;;;;;;;;;;;;;;;;;
Dem;AldermanAL;5;7;NA;NA;NA;NA;19;NA;NA;30;13;95;147;NA;NA;NA;NA;;;;;;;;;;;;;;;;;;;;;;;;;;;;;;
Dem;AldermanAL;6;1;NA;NA;NA;NA;12;NA;NA;21;16;53;98;NA;NA;NA;NA;;;;;;;;;;;;;;;;;;;;;;;;;;;;;;
Dem;AldermanAL;6;2;NA;NA;NA;NA;11;NA;NA;41;24;86;98;NA;NA;NA;NA;;;;;;;;;;;;;;;;;;;;;;;;;;;;;;
Dem;AldermanAL;6;3;NA;NA;NA;NA;19;NA;NA;48;28;95;156;NA;NA;NA;NA;;;;;;;;;;;;;;;;;;;;;;;;;;;;;;
Dem;AldermanAL;6;4;NA;NA;NA;NA;4;NA;NA;8;9;20;15;NA;NA;NA;NA;;;;;;;;;;;;;;;;;;;;;;;;;;;;;;
Dem;AldermanAL;6;5;NA;NA;NA;NA;7;NA;NA;24;18;37;59;NA;NA;NA;NA;;;;;;;;;;;;;;;;;;;;;;;;;;;;;;
Dem;AldermanAL;6;6;NA;NA;NA;NA;8;NA;NA;19;20;91;78;NA;NA;NA;NA;;;;;;;;;;;;;;;;;;;;;;;;;;;;;;
Dem;AldermanAL;6;7;NA;NA;NA;NA;21;NA;NA;72;39;126;158;NA;NA;NA;NA;;;;;;;;;;;;;;;;;;;;;;;;;;;;;;
Dem;AldermanAL;6;8;NA;NA;NA;NA;1;NA;NA;8;5;26;17;NA;NA;NA;NA;;;;;;;;;;;;;;;;;;;;;;;;;;;;;;
Dem;AldermanAL;7;1;NA;NA;NA;NA;13;NA;NA;47;1;42;81;NA;NA;NA;NA;;;;;;;;;;;;;;;;;;;;;;;;;;;;;;
Dem;AldermanAL;7;2;NA;NA;NA;NA;16;NA;NA;43;3;54;118;NA;NA;NA;NA;;;;;;;;;;;;;;;;;;;;;;;;;;;;;;
Dem;AldermanAL;7;3;NA;NA;NA;NA;7;NA;NA;34;2;24;63;NA;NA;NA;NA;;;;;;;;;;;;;;;;;;;;;;;;;;;;;;
Dem;AldermanAL;7;4;NA;NA;NA;NA;7;NA;NA;68;3;45;137;NA;NA;NA;NA;;;;;;;;;;;;;;;;;;;;;;;;;;;;;;
Dem;AldermanAL;7;5;NA;NA;NA;NA;13;NA;NA;30;3;28;104;NA;NA;NA;NA;;;;;;;;;;;;;;;;;;;;;;;;;;;;;;
Dem;AldermanAL;7;6;NA;NA;NA;NA;11;NA;NA;70;3;58;125;NA;NA;NA;NA;;;;;;;;;;;;;;;;;;;;;;;;;;;;;;
Dem;AldermanAL;7;7;NA;NA;NA;NA;4;NA;NA;63;2;28;98;NA;NA;NA;NA;;;;;;;;;;;;;;;;;;;;;;;;;;;;;;
Dem;AldermanAL;7;8;NA;NA;NA;NA;3;NA;NA;34;0;25;51;NA;NA;NA;NA;;;;;;;;;;;;;;;;;;;;;;;;;;;;;;
Dem;AldermanAL;8;1;NA;NA;NA;NA;11;NA;NA;51;6;25;153;NA;NA;NA;NA;;;;;;;;;;;;;;;;;;;;;;;;;;;;;;
Dem;AldermanAL;8;2;NA;NA;NA;NA;25;NA;NA;99;9;64;172;NA;NA;NA;NA;;;;;;;;;;;;;;;;;;;;;;;;;;;;;;
Dem;AldermanAL;8;3;NA;NA;NA;NA;25;NA;NA;127;5;45;155;NA;NA;NA;NA;;;;;;;;;;;;;;;;;;;;;;;;;;;;;;
Dem;AldermanAL;8;4;NA;NA;NA;NA;8;NA;NA;75;9;32;131;NA;NA;NA;NA;;;;;;;;;;;;;;;;;;;;;;;;;;;;;;
Dem;AldermanAL;8;5;NA;NA;NA;NA;6;NA;NA;39;3;18;98;NA;NA;NA;NA;;;;;;;;;;;;;;;;;;;;;;;;;;;;;;
Dem;AldermanAL;8;6;NA;NA;NA;NA;7;NA;NA;67;0;38;73;NA;NA;NA;NA;;;;;;;;;;;;;;;;;;;;;;;;;;;;;;
Dem;AldermanAL;9;1;NA;NA;NA;NA;12;NA;NA;39;5;27;98;NA;NA;NA;NA;;;;;;;;;;;;;;;;;;;;;;;;;;;;;;
Dem;AldermanAL;9;2;NA;NA;NA;NA;11;NA;NA;34;1;26;73;NA;NA;NA;NA;;;;;;;;;;;;;;;;;;;;;;;;;;;;;;
Dem;AldermanAL;9;3;NA;NA;NA;NA;4;NA;NA;57;4;53;79;NA;NA;NA;NA;;;;;;;;;;;;;;;;;;;;;;;;;;;;;;
Dem;AldermanAL;9;4;NA;NA;NA;NA;11;NA;NA;85;3;32;52;NA;NA;NA;NA;;;;;;;;;;;;;;;;;;;;;;;;;;;;;;
Dem;AldermanAL;9;5;NA;NA;NA;NA;12;NA;NA;54;0;34;72;NA;NA;NA;NA;;;;;;;;;;;;;;;;;;;;;;;;;;;;;;
Dem;AldermanAL;9;6;NA;NA;NA;NA;4;NA;NA;54;3;15;55;NA;NA;NA;NA;;;;;;;;;;;;;;;;;;;;;;;;;;;;;;
Dem;AldermanAL;9;7;NA;NA;NA;NA;7;NA;NA;36;2;11;38;NA;NA;NA;NA;;;;;;;;;;;;;;;;;;;;;;;;;;;;;;
Dem;AldermanAL;10;1;NA;NA;NA;NA;4;NA;NA;72;1;12;47;NA;NA;NA;NA;;;;;;;;;;;;;;;;;;;;;;;;;;;;;;
Dem;AldermanAL;10;2;NA;NA;NA;NA;4;NA;NA;65;2;24;74;NA;NA;NA;NA;;;;;;;;;;;;;;;;;;;;;;;;;;;;;;
Dem;AldermanAL;10;3;NA;NA;NA;NA;2;NA;NA;66;2;7;39;NA;NA;NA;NA;;;;;;;;;;;;;;;;;;;;;;;;;;;;;;
Dem;AldermanAL;10;4;NA;NA;NA;NA;3;NA;NA;28;2;15;19;NA;NA;NA;NA;;;;;;;;;;;;;;;;;;;;;;;;;;;;;;
Dem;AldermanAL;10;5;NA;NA;NA;NA;1;NA;NA;24;2;12;30;NA;NA;NA;NA;;;;;;;;;;;;;;;;;;;;;;;;;;;;;;
Dem;AldermanAL;10;6;NA;NA;NA;NA;1;NA;NA;46;1;8;20;NA;NA;NA;NA;;;;;;;;;;;;;;;;;;;;;;;;;;;;;;
Dem;AldermanAL;10;7;NA;NA;NA;NA;1;NA;NA;44;1;8;35;NA;NA;NA;NA;;;;;;;;;;;;;;;;;;;;;;;;;;;;;;
Rep;AldermanAL;1;1;NA;NA;NA;NA;29;NA;NA;NA;NA;NA;NA;231;NA;NA;NA;;;;;;;;;;;;;;;;;;;;;;;;;;;;;;
Rep;AldermanAL;1;2;NA;NA;NA;NA;33;NA;NA;NA;NA;NA;NA;207;NA;NA;NA;;;;;;;;;;;;;;;;;;;;;;;;;;;;;;
Rep;AldermanAL;1;3;NA;NA;NA;NA;62;NA;NA;NA;NA;NA;NA;558;NA;NA;NA;;;;;;;;;;;;;;;;;;;;;;;;;;;;;;
Rep;AldermanAL;1;4;NA;NA;NA;NA;71;NA;NA;NA;NA;NA;NA;434;NA;NA;NA;;;;;;;;;;;;;;;;;;;;;;;;;;;;;;
Rep;AldermanAL;1;5;NA;NA;NA;NA;55;NA;NA;NA;NA;NA;NA;362;NA;NA;NA;;;;;;;;;;;;;;;;;;;;;;;;;;;;;;
Rep;AldermanAL;1;6;NA;NA;NA;NA;97;NA;NA;NA;NA;NA;NA;624;NA;NA;NA;;;;;;;;;;;;;;;;;;;;;;;;;;;;;;
Rep;AldermanAL;1;7;NA;NA;NA;NA;78;NA;NA;NA;NA;NA;NA;320;NA;NA;NA;;;;;;;;;;;;;;;;;;;;;;;;;;;;;;
Rep;AldermanAL;1;8;NA;NA;NA;NA;36;NA;NA;NA;NA;NA;NA;240;NA;NA;NA;;;;;;;;;;;;;;;;;;;;;;;;;;;;;;
Rep;AldermanAL;2;1;NA;NA;NA;NA;62;NA;NA;NA;NA;NA;NA;226;NA;NA;NA;;;;;;;;;;;;;;;;;;;;;;;;;;;;;;
Rep;AldermanAL;2;2;NA;NA;NA;NA;41;NA;NA;NA;NA;NA;NA;214;NA;NA;NA;;;;;;;;;;;;;;;;;;;;;;;;;;;;;;
Rep;AldermanAL;2;3;NA;NA;NA;NA;42;NA;NA;NA;NA;NA;NA;310;NA;NA;NA;;;;;;;;;;;;;;;;;;;;;;;;;;;;;;
Rep;AldermanAL;2;4;NA;NA;NA;NA;95;NA;NA;NA;NA;NA;NA;493;NA;NA;NA;;;;;;;;;;;;;;;;;;;;;;;;;;;;;;
Rep;AldermanAL;2;5;NA;NA;NA;NA;26;NA;NA;NA;NA;NA;NA;150;NA;NA;NA;;;;;;;;;;;;;;;;;;;;;;;;;;;;;;
Rep;AldermanAL;2;6;NA;NA;NA;NA;94;NA;NA;NA;NA;NA;NA;216;NA;NA;NA;;;;;;;;;;;;;;;;;;;;;;;;;;;;;;
Rep;AldermanAL;2;7;NA;NA;NA;NA;94;NA;NA;NA;NA;NA;NA;575;NA;NA;NA;;;;;;;;;;;;;;;;;;;;;;;;;;;;;;
Rep;AldermanAL;2;8;NA;NA;NA;NA;53;NA;NA;NA;NA;NA;NA;203;NA;NA;NA;;;;;;;;;;;;;;;;;;;;;;;;;;;;;;
Rep;AldermanAL;3;1;NA;NA;NA;NA;11;NA;NA;NA;NA;NA;NA;16;NA;NA;NA;;;;;;;;;;;;;;;;;;;;;;;;;;;;;;
Rep;AldermanAL;3;2;NA;NA;NA;NA;16;NA;NA;NA;NA;NA;NA;50;NA;NA;NA;;;;;;;;;;;;;;;;;;;;;;;;;;;;;;
Rep;AldermanAL;3;3;NA;NA;NA;NA;19;NA;NA;NA;NA;NA;NA;33;NA;NA;NA;;;;;;;;;;;;;;;;;;;;;;;;;;;;;;
Rep;AldermanAL;3;4;NA;NA;NA;NA;28;NA;NA;NA;NA;NA;NA;99;NA;NA;NA;;;;;;;;;;;;;;;;;;;;;;;;;;;;;;
Rep;AldermanAL;3;5;NA;NA;NA;NA;25;NA;NA;NA;NA;NA;NA;83;NA;NA;NA;;;;;;;;;;;;;;;;;;;;;;;;;;;;;;
Rep;AldermanAL;3;6;NA;NA;NA;NA;10;NA;NA;NA;NA;NA;NA;63;NA;NA;NA;;;;;;;;;;;;;;;;;;;;;;;;;;;;;;
Rep;AldermanAL;3;7;NA;NA;NA;NA;9;NA;NA;NA;NA;NA;NA;68;NA;NA;NA;;;;;;;;;;;;;;;;;;;;;;;;;;;;;;
Rep;AldermanAL;3;8;NA;NA;NA;NA;22;NA;NA;NA;NA;NA;NA;31;NA;NA;NA;;;;;;;;;;;;;;;;;;;;;;;;;;;;;;
Rep;AldermanAL;4;1;NA;NA;NA;NA;14;NA;NA;NA;NA;NA;NA;32;NA;NA;NA;;;;;;;;;;;;;;;;;;;;;;;;;;;;;;
Rep;AldermanAL;4;2;NA;NA;NA;NA;8;NA;NA;NA;NA;NA;NA;22;NA;NA;NA;;;;;;;;;;;;;;;;;;;;;;;;;;;;;;
Rep;AldermanAL;4;3;NA;NA;NA;NA;11;NA;NA;NA;NA;NA;NA;51;NA;NA;NA;;;;;;;;;;;;;;;;;;;;;;;;;;;;;;
Rep;AldermanAL;4;4;NA;NA;NA;NA;13;NA;NA;NA;NA;NA;NA;48;NA;NA;NA;;;;;;;;;;;;;;;;;;;;;;;;;;;;;;
Rep;AldermanAL;4;5;NA;NA;NA;NA;6;NA;NA;NA;NA;NA;NA;48;NA;NA;NA;;;;;;;;;;;;;;;;;;;;;;;;;;;;;;
Rep;AldermanAL;4;6;NA;NA;NA;NA;12;NA;NA;NA;NA;NA;NA;38;NA;NA;NA;;;;;;;;;;;;;;;;;;;;;;;;;;;;;;
Rep;AldermanAL;4;7;NA;NA;NA;NA;12;NA;NA;NA;NA;NA;NA;18;NA;NA;NA;;;;;;;;;;;;;;;;;;;;;;;;;;;;;;
Rep;AldermanAL;4;8;NA;NA;NA;NA;14;NA;NA;NA;NA;NA;NA;40;NA;NA;NA;;;;;;;;;;;;;;;;;;;;;;;;;;;;;;
Rep;AldermanAL;4;9;NA;NA;NA;NA;9;NA;NA;NA;NA;NA;NA;28;NA;NA;NA;;;;;;;;;;;;;;;;;;;;;;;;;;;;;;
Rep;AldermanAL;4;10;NA;NA;NA;NA;12;NA;NA;NA;NA;NA;NA;26;NA;NA;NA;;;;;;;;;;;;;;;;;;;;;;;;;;;;;;
Rep;AldermanAL;5;1;NA;NA;NA;NA;6;NA;NA;NA;NA;NA;NA;23;NA;NA;NA;;;;;;;;;;;;;;;;;;;;;;;;;;;;;;
Rep;AldermanAL;5;2;NA;NA;NA;NA;34;NA;NA;NA;NA;NA;NA;0;NA;NA;NA;;;;;;;;;;;;;;;;;;;;;;;;;;;;;;
Rep;AldermanAL;5;3;NA;NA;NA;NA;18;NA;NA;NA;NA;NA;NA;76;NA;NA;NA;;;;;;;;;;;;;;;;;;;;;;;;;;;;;;
Rep;AldermanAL;5;4;NA;NA;NA;NA;9;NA;NA;NA;NA;NA;NA;18;NA;NA;NA;;;;;;;;;;;;;;;;;;;;;;;;;;;;;;
Rep;AldermanAL;5;5;NA;NA;NA;NA;14;NA;NA;NA;NA;NA;NA;47;NA;NA;NA;;;;;;;;;;;;;;;;;;;;;;;;;;;;;;
Rep;AldermanAL;5;6;NA;NA;NA;NA;9;NA;NA;NA;NA;NA;NA;22;NA;NA;NA;;;;;;;;;;;;;;;;;;;;;;;;;;;;;;
Rep;AldermanAL;5;7;NA;NA;NA;NA;7;NA;NA;NA;NA;NA;NA;20;NA;NA;NA;;;;;;;;;;;;;;;;;;;;;;;;;;;;;;
Rep;AldermanAL;6;1;NA;NA;NA;NA;15;NA;NA;NA;NA;NA;NA;85;NA;NA;NA;;;;;;;;;;;;;;;;;;;;;;;;;;;;;;
Rep;AldermanAL;6;2;NA;NA;NA;NA;26;NA;NA;NA;NA;NA;NA;54;NA;NA;NA;;;;;;;;;;;;;;;;;;;;;;;;;;;;;;
Rep;AldermanAL;6;3;NA;NA;NA;NA;24;NA;NA;NA;NA;NA;NA;63;NA;NA;NA;;;;;;;;;;;;;;;;;;;;;;;;;;;;;;
Rep;AldermanAL;6;4;NA;NA;NA;NA;55;NA;NA;NA;NA;NA;NA;320;NA;NA;NA;;;;;;;;;;;;;;;;;;;;;;;;;;;;;;
Rep;AldermanAL;6;5;NA;NA;NA;NA;23;NA;NA;NA;NA;NA;NA;109;NA;NA;NA;;;;;;;;;;;;;;;;;;;;;;;;;;;;;;
Rep;AldermanAL;6;6;NA;NA;NA;NA;20;NA;NA;NA;NA;NA;NA;84;NA;NA;NA;;;;;;;;;;;;;;;;;;;;;;;;;;;;;;
Rep;AldermanAL;6;7;NA;NA;NA;NA;12;NA;NA;NA;NA;NA;NA;190;NA;NA;NA;;;;;;;;;;;;;;;;;;;;;;;;;;;;;;
Rep;AldermanAL;6;8;NA;NA;NA;NA;29;NA;NA;NA;NA;NA;NA;67;NA;NA;NA;;;;;;;;;;;;;;;;;;;;;;;;;;;;;;
Rep;AldermanAL;7;1;NA;NA;NA;NA;19;NA;NA;NA;NA;NA;NA;10;NA;NA;NA;;;;;;;;;;;;;;;;;;;;;;;;;;;;;;
Rep;AldermanAL;7;2;NA;NA;NA;NA;32;NA;NA;NA;NA;NA;NA;20;NA;NA;NA;;;;;;;;;;;;;;;;;;;;;;;;;;;;;;
Rep;AldermanAL;7;3;NA;NA;NA;NA;34;NA;NA;NA;NA;NA;NA;14;NA;NA;NA;;;;;;;;;;;;;;;;;;;;;;;;;;;;;;
Rep;AldermanAL;7;4;NA;NA;NA;NA;50;NA;NA;NA;NA;NA;NA;24;NA;NA;NA;;;;;;;;;;;;;;;;;;;;;;;;;;;;;;
Rep;AldermanAL;7;5;NA;NA;NA;NA;47;NA;NA;NA;NA;NA;NA;34;NA;NA;NA;;;;;;;;;;;;;;;;;;;;;;;;;;;;;;
Rep;AldermanAL;7;6;NA;NA;NA;NA;16;NA;NA;NA;NA;NA;NA;14;NA;NA;NA;;;;;;;;;;;;;;;;;;;;;;;;;;;;;;
Rep;AldermanAL;7;7;NA;NA;NA;NA;45;NA;NA;NA;NA;NA;NA;24;NA;NA;NA;;;;;;;;;;;;;;;;;;;;;;;;;;;;;;
Rep;AldermanAL;7;8;NA;NA;NA;NA;38;NA;NA;NA;NA;NA;NA;28;NA;NA;NA;;;;;;;;;;;;;;;;;;;;;;;;;;;;;;
Rep;AldermanAL;8;1;NA;NA;NA;NA;21;NA;NA;NA;NA;NA;NA;12;NA;NA;NA;;;;;;;;;;;;;;;;;;;;;;;;;;;;;;
Rep;AldermanAL;8;2;NA;NA;NA;NA;14;NA;NA;NA;NA;NA;NA;11;NA;NA;NA;;;;;;;;;;;;;;;;;;;;;;;;;;;;;;
Rep;AldermanAL;8;3;NA;NA;NA;NA;15;NA;NA;NA;NA;NA;NA;7;NA;NA;NA;;;;;;;;;;;;;;;;;;;;;;;;;;;;;;
Rep;AldermanAL;8;4;NA;NA;NA;NA;26;NA;NA;NA;NA;NA;NA;21;NA;NA;NA;;;;;;;;;;;;;;;;;;;;;;;;;;;;;;
Rep;AldermanAL;8;5;NA;NA;NA;NA;9;NA;NA;NA;NA;NA;NA;1;NA;NA;NA;;;;;;;;;;;;;;;;;;;;;;;;;;;;;;
Rep;AldermanAL;8;6;NA;NA;NA;NA;14;NA;NA;NA;NA;NA;NA;10;NA;NA;NA;;;;;;;;;;;;;;;;;;;;;;;;;;;;;;
Rep;AldermanAL;9;1;NA;NA;NA;NA;37;NA;NA;NA;NA;NA;NA;13;NA;NA;NA;;;;;;;;;;;;;;;;;;;;;;;;;;;;;;
Rep;AldermanAL;9;2;NA;NA;NA;NA;84;NA;NA;NA;NA;NA;NA;60;NA;NA;NA;;;;;;;;;;;;;;;;;;;;;;;;;;;;;;
Rep;AldermanAL;9;3;NA;NA;NA;NA;45;NA;NA;NA;NA;NA;NA;17;NA;NA;NA;;;;;;;;;;;;;;;;;;;;;;;;;;;;;;
Rep;AldermanAL;9;4;NA;NA;NA;NA;56;NA;NA;NA;NA;NA;NA;30;NA;NA;NA;;;;;;;;;;;;;;;;;;;;;;;;;;;;;;
Rep;AldermanAL;9;5;NA;NA;NA;NA;72;NA;NA;NA;NA;NA;NA;38;NA;NA;NA;;;;;;;;;;;;;;;;;;;;;;;;;;;;;;
Rep;AldermanAL;9;6;NA;NA;NA;NA;80;NA;NA;NA;NA;NA;NA;45;NA;NA;NA;;;;;;;;;;;;;;;;;;;;;;;;;;;;;;
Rep;AldermanAL;9;7;NA;NA;NA;NA;82;NA;NA;NA;NA;NA;NA;48;NA;NA;NA;;;;;;;;;;;;;;;;;;;;;;;;;;;;;;
Rep;AldermanAL;10;1;NA;NA;NA;NA;63;NA;NA;NA;NA;NA;NA;38;NA;NA;NA;;;;;;;;;;;;;;;;;;;;;;;;;;;;;;
Rep;AldermanAL;10;2;NA;NA;NA;NA;48;NA;NA;NA;NA;NA;NA;19;NA;NA;NA;;;;;;;;;;;;;;;;;;;;;;;;;;;;;;
Rep;AldermanAL;10;3;NA;NA;NA;NA;30;NA;NA;NA;NA;NA;NA;18;NA;NA;NA;;;;;;;;;;;;;;;;;;;;;;;;;;;;;;
Rep;AldermanAL;10;4;NA;NA;NA;NA;50;NA;NA;NA;NA;NA;NA;29;NA;NA;NA;;;;;;;;;;;;;;;;;;;;;;;;;;;;;;
Rep;AldermanAL;10;5;NA;NA;NA;NA;65;NA;NA;NA;NA;NA;NA;42;NA;NA;NA;;;;;;;;;;;;;;;;;;;;;;;;;;;;;;
Rep;AldermanAL;10;6;NA;NA;NA;NA;42;NA;NA;NA;NA;NA;NA;25;NA;NA;NA;;;;;;;;;;;;;;;;;;;;;;;;;;;;;;
Rep;AldermanAL;10;7;NA;NA;NA;NA;56;NA;NA;NA;NA;NA;NA;56;NA;NA;NA;;;;;;;;;;;;;;;;;;;;;;;;;;;;;;
Dem;Alderman;1;1;NA;NA;NA;NA;155;NA;NA;NA;NA;NA;NA;NA;NA;NA;NA;;;;;;;;;;;;;;;;;;;;;;;;;;;;;;
Dem;Alderman;1;2;NA;NA;NA;NA;60;NA;NA;NA;NA;NA;NA;NA;NA;NA;NA;;;;;;;;;;;;;;;;;;;;;;;;;;;;;;
Dem;Alderman;1;3;NA;NA;NA;NA;83;NA;NA;NA;NA;NA;NA;NA;NA;NA;NA;;;;;;;;;;;;;;;;;;;;;;;;;;;;;;
Dem;Alderman;1;4;NA;NA;NA;NA;48;NA;NA;NA;NA;NA;NA;NA;NA;NA;NA;;;;;;;;;;;;;;;;;;;;;;;;;;;;;;
Dem;Alderman;1;5;NA;NA;NA;NA;62;NA;NA;NA;NA;NA;NA;NA;NA;NA;NA;;;;;;;;;;;;;;;;;;;;;;;;;;;;;;
Dem;Alderman;1;6;NA;NA;NA;NA;49;NA;NA;NA;NA;NA;NA;NA;NA;NA;NA;;;;;;;;;;;;;;;;;;;;;;;;;;;;;;
Dem;Alderman;1;7;NA;NA;NA;NA;40;NA;NA;NA;NA;NA;NA;NA;NA;NA;NA;;;;;;;;;;;;;;;;;;;;;;;;;;;;;;
Dem;Alderman;1;8;NA;NA;NA;NA;55;NA;NA;NA;NA;NA;NA;NA;NA;NA;NA;;;;;;;;;;;;;;;;;;;;;;;;;;;;;;
Dem;Alderman;2;1;NA;NA;NA;NA;28;NA;NA;NA;NA;NA;NA;NA;101;NA;NA;;;;;;;;;;;;;;;;;;;;;;;;;;;;;;
Dem;Alderman;2;2;NA;NA;NA;NA;11;NA;NA;NA;NA;NA;NA;NA;41;NA;NA;;;;;;;;;;;;;;;;;;;;;;;;;;;;;;
Dem;Alderman;2;3;NA;NA;NA;NA;34;NA;NA;NA;NA;NA;NA;NA;138;NA;NA;;;;;;;;;;;;;;;;;;;;;;;;;;;;;;
Dem;Alderman;2;4;NA;NA;NA;NA;30;NA;NA;NA;NA;NA;NA;NA;133;NA;NA;;;;;;;;;;;;;;;;;;;;;;;;;;;;;;
Dem;Alderman;2;5;NA;NA;NA;NA;23;NA;NA;NA;NA;NA;NA;NA;56;NA;NA;;;;;;;;;;;;;;;;;;;;;;;;;;;;;;
Dem;Alderman;2;6;NA;NA;NA;NA;43;NA;NA;NA;NA;NA;NA;NA;114;NA;NA;;;;;;;;;;;;;;;;;;;;;;;;;;;;;;
Dem;Alderman;2;7;NA;NA;NA;NA;13;NA;NA;NA;NA;NA;NA;NA;75;NA;NA;;;;;;;;;;;;;;;;;;;;;;;;;;;;;;
Dem;Alderman;2;8;NA;NA;NA;NA;15;NA;NA;NA;NA;NA;NA;NA;50;NA;NA;;;;;;;;;;;;;;;;;;;;;;;;;;;;;;
Dem;Alderman;3;1;NA;NA;NA;NA;70;NA;NA;NA;NA;NA;NA;NA;NA;310;435;;;;;;;;;;;;;;;;;;;;;;;;;;;;;;
Dem;Alderman;3;2;NA;NA;NA;NA;29;NA;NA;NA;NA;NA;NA;NA;NA;178;81;;;;;;;;;;;;;;;;;;;;;;;;;;;;;;
Dem;Alderman;3;3;NA;NA;NA;NA;91;NA;NA;NA;NA;NA;NA;NA;NA;57;717;;;;;;;;;;;;;;;;;;;;;;;;;;;;;;
Dem;Alderman;3;4;NA;NA;NA;NA;92;NA;NA;NA;NA;NA;NA;NA;NA;224;360;;;;;;;;;;;;;;;;;;;;;;;;;;;;;;
Dem;Alderman;3;5;NA;NA;NA;NA;12;NA;NA;NA;NA;NA;NA;NA;NA;117;47;;;;;;;;;;;;;;;;;;;;;;;;;;;;;;
Dem;Alderman;3;6;NA;NA;NA;NA;41;NA;NA;NA;NA;NA;NA;NA;NA;201;95;;;;;;;;;;;;;;;;;;;;;;;;;;;;;;
Dem;Alderman;3;7;NA;NA;NA;NA;20;NA;NA;NA;NA;NA;NA;NA;NA;79;42;;;;;;;;;;;;;;;;;;;;;;;;;;;;;;
Dem;Alderman;3;8;NA;NA;NA;NA;83;NA;NA;NA;NA;NA;NA;NA;NA;101;600;;;;;;;;;;;;;;;;;;;;;;;;;;;;;;
Dem;Alderman;4;1;NA;NA;NA;NA;44;NA;NA;NA;NA;NA;NA;NA;NA;;;123;225;49;139;183;;;;;;;;;;;;;;;;;;;;;;;;;
Dem;Alderman;4;2;;;;;33;;;;;;;;;;;173;164;3;88;127;;;;;;;;;;;;;;;;;;;;;;;;;
Dem;Alderman;4;3;;;;;18;;;;;;;;;;;63;71;3;64;35;;;;;;;;;;;;;;;;;;;;;;;;;
Dem;Alderman;4;4;;;;;18;;;;;;;;;;;74;146;3;149;43;;;;;;;;;;;;;;;;;;;;;;;;;
Dem;Alderman;4;5;;;;;18;;;;;;;;;;;89;85;6;96;52;;;;;;;;;;;;;;;;;;;;;;;;;
Dem;Alderman;4;6;;;;;22;;;;;;;;;;;90;155;5;159;41;;;;;;;;;;;;;;;;;;;;;;;;;
Dem;Alderman;4;7;;;;;24;;;;;;;;;;;91;279;9;59;120;;;;;;;;;;;;;;;;;;;;;;;;;
Dem;Alderman;4;8;;;;;31;;;;;;;;;;;39;102;8;69;43;;;;;;;;;;;;;;;;;;;;;;;;;
Dem;Alderman;4;9;;;;;7;;;;;;;;;;;90;102;4;96;52;;;;;;;;;;;;;;;;;;;;;;;;;
Dem;Alderman;4;10;;;;;58;;;;;;;;;;;55;109;5;69;44;;;;;;;;;;;;;;;;;;;;;;;;;
Dem;Alderman;5;1;;;;;28;;;;;;;;;;;;;;;;57;384;;;;;;;;;;;;;;;;;;;;;;;
Dem;Alderman;5;2;;;;;56;;;;;;;;;;;;;;;;86;504;;;;;;;;;;;;;;;;;;;;;;;
Dem;Alderman;5;3;;;;;28;;;;;;;;;;;;;;;;46;429;;;;;;;;;;;;;;;;;;;;;;;
Dem;Alderman;5;4;;;;;14;;;;;;;;;;;;;;;;65;221;;;;;;;;;;;;;;;;;;;;;;;
Dem;Alderman;5;5;;;;;24;;;;;;;;;;;;;;;;95;270;;;;;;;;;;;;;;;;;;;;;;;
Dem;Alderman;5;6;;;;;44;;;;;;;;;;;;;;;;74;603;;;;;;;;;;;;;;;;;;;;;;;
Dem;Alderman;5;7;;;;;21;;;;;;;;;;;;;;;;57;226;;;;;;;;;;;;;;;;;;;;;;;
Dem;Alderman;6;1;;;;;10;;;;;;;;;;;;;;;;;;71;119;;;;;;;;;;;;;;;;;;;;;
Dem;Alderman;6;2;;;;;13;;;;;;;;;;;;;;;;;;95;152;;;;;;;;;;;;;;;;;;;;;
Dem;Alderman;6;3;;;;;5;;;;;;;;;;;;;;;;;;103;238;;;;;;;;;;;;;;;;;;;;;
Dem;Alderman;6;4;;;;;4;;;;;;;;;;;;;;;;;;30;22;;;;;;;;;;;;;;;;;;;;;
Dem;Alderman;6;5;;;;;14;;;;;;;;;;;;;;;;;;57;74;;;;;;;;;;;;;;;;;;;;;
Dem;Alderman;6;6;;;;;15;;;;;;;;;;;;;;;;;;82;119;;;;;;;;;;;;;;;;;;;;;
Dem;Alderman;6;7;;;;;29;;;;;;;;;;;;;;;;;;188;199;;;;;;;;;;;;;;;;;;;;;
Dem;Alderman;6;8;;;;;1;;;;;;;;;;;;;;;;;;35;21;;;;;;;;;;;;;;;;;;;;;
Dem;Alderman;7;1;;;;;7;;;;;;;;;;;;;;;;;;;;24;55;20;78;;;;;;;;;;;;;;;;;
Dem;Alderman;7;2;;;;;8;;;;;;;;;;;;;;;;;;;;30;137;29;30;;;;;;;;;;;;;;;;;
Dem;Alderman;7;3;;;;;0;;;;;;;;;;;;;;;;;;;;37;38;16;39;;;;;;;;;;;;;;;;;
Dem;Alderman;7;4;;;;;4;;;;;;;;;;;;;;;;;;;;36;57;129;34;;;;;;;;;;;;;;;;;
Dem;Alderman;7;5;;;;;9;;;;;;;;;;;;;;;;;;;;14;38;48;69;;;;;;;;;;;;;;;;;
Dem;Alderman;7;6;;;;;12;;;;;;;;;;;;;;;;;;;;51;90;25;89;;;;;;;;;;;;;;;;;
Dem;Alderman;7;7;;;;;6;;;;;;;;;;;;;;;;;;;;17;112;37;23;;;;;;;;;;;;;;;;;
Dem;Alderman;7;8;;;;;0;;;;;;;;;;;;;;;;;;;;41;36;16;20;;;;;;;;;;;;;;;;;
Dem;Alderman;8;1;;;;;46;;;;;;;;;;;;;;;;;;;;;;;;200;;;;;;;;;;;;;;;;
Dem;Alderman;8;2;;;;;62;;;;;;;;;;;;;;;;;;;;;;;;307;;;;;;;;;;;;;;;;
Dem;Alderman;8;3;;;;;119;;;;;;;;;;;;;;;;;;;;;;;;238;;;;;;;;;;;;;;;;
Dem;Alderman;8;4;;;;;45;;;;;;;;;;;;;;;;;;;;;;;;210;;;;;;;;;;;;;;;;
Dem;Alderman;8;5;;;;;18;;;;;;;;;;;;;;;;;;;;;;;;146;;;;;;;;;;;;;;;;
Dem;Alderman;8;6;;;;;54;;;;;;;;;;;;;;;;;;;;;;;;131;;;;;;;;;;;;;;;;
Dem;Alderman;9;1;;;;;20;;;;;;;;;;;;;;;;;;;;;;;;;78;83;;;;;;;;;;;;;;
Dem;Alderman;9;2;;;;;20;;;;;;;;;;;;;;;;;;;;;;;;;63;62;;;;;;;;;;;;;;
Dem;Alderman;9;3;;;;;18;;;;;;;;;;;;;;;;;;;;;;;;;81;98;;;;;;;;;;;;;;
Dem;Alderman;9;4;;;;;12;;;;;;;;;;;;;;;;;;;;;;;;;78;93;;;;;;;;;;;;;;
Dem;Alderman;9;5;;;;;10;;;;;;;;;;;;;;;;;;;;;;;;;64;98;;;;;;;;;;;;;;
Dem;Alderman;9;6;;;;;12;;;;;;;;;;;;;;;;;;;;;;;;;54;65;;;;;;;;;;;;;;
Dem;Alderman;9;7;;;;;5;;;;;;;;;;;;;;;;;;;;;;;;;30;59;;;;;;;;;;;;;;
Dem;Alderman;10;1;;;;;136;;;;;;;;;;;;;;;;;;;;;;;;;;;;;;;;;;;;;;;;
Dem;Alderman;10;2;;;;;169;;;;;;;;;;;;;;;;;;;;;;;;;;;;;;;;;;;;;;;;
Dem;Alderman;10;3;;;;;116;;;;;;;;;;;;;;;;;;;;;;;;;;;;;;;;;;;;;;;;
Dem;Alderman;10;4;;;;;67;;;;;;;;;;;;;;;;;;;;;;;;;;;;;;;;;;;;;;;;
Dem;Alderman;10;5;;;;;69;;;;;;;;;;;;;;;;;;;;;;;;;;;;;;;;;;;;;;;;
Dem;Alderman;10;6;;;;;76;;;;;;;;;;;;;;;;;;;;;;;;;;;;;;;;;;;;;;;;
Dem;Alderman;10;7;;;;;89;;;;;;;;;;;;;;;;;;;;;;;;;;;;;;;;;;;;;;;;
Rep;Alderman;1;1;;;;;16;;;;;;;;;;;;;;;;;;;;;;;;;;;73;171;;;;;;;;;;;;
Rep;Alderman;1;2;;;;;16;;;;;;;;;;;;;;;;;;;;;;;;;;;65;159;;;;;;;;;;;;
Rep;Alderman;1;3;;;;;26;;;;;;;;;;;;;;;;;;;;;;;;;;;42;552;;;;;;;;;;;;
Rep;Alderman;1;4;;;;;28;;;;;;;;;;;;;;;;;;;;;;;;;;;146;331;;;;;;;;;;;;
Rep;Alderman;1;5;;;;;25;;;;;;;;;;;;;;;;;;;;;;;;;;;114;278;;;;;;;;;;;;
Rep;Alderman;1;6;;;;;21;;;;;;;;;;;;;;;;;;;;;;;;;;;238;462;;;;;;;;;;;;
Rep;Alderman;1;7;;;;;12;;;;;;;;;;;;;;;;;;;;;;;;;;;160;226;;;;;;;;;;;;
Rep;Alderman;1;8;;;;;9;;;;;;;;;;;;;;;;;;;;;;;;;;;97;170;;;;;;;;;;;;
Rep;Alderman;2;1;;;;;16;;;;;;;;;;;;;;;;;;;;;;;;;;;;;134;138;;;;;;;;;;
Rep;Alderman;2;2;;;;;16;;;;;;;;;;;;;;;;;;;;;;;;;;;;;135;104;;;;;;;;;;
Rep;Alderman;2;3;;;;;18;;;;;;;;;;;;;;;;;;;;;;;;;;;;;117;217;;;;;;;;;;
Rep;Alderman;2;4;;;;;24;;;;;;;;;;;;;;;;;;;;;;;;;;;;;216;348;;;;;;;;;;
Rep;Alderman;2;5;;;;;15;;;;;;;;;;;;;;;;;;;;;;;;;;;;;85;76;;;;;;;;;;
Rep;Alderman;2;6;;;;;30;;;;;;;;;;;;;;;;;;;;;;;;;;;;;209;71;;;;;;;;;;
Rep;Alderman;2;7;;;;;21;;;;;;;;;;;;;;;;;;;;;;;;;;;;;226;422;;;;;;;;;;
Rep;Alderman;2;8;;;;;12;;;;;;;;;;;;;;;;;;;;;;;;;;;;;149;95;;;;;;;;;;
Rep;Alderman;3;1;;;;;27;;;;;;;;;;;;;;;;;;;;;;;;;;;;;;;1;;;;;;;;;
Rep;Alderman;3;2;;;;;66;;;;;;;;;;;;;;;;;;;;;;;;;;;;;;;;;;;;;;;;
Rep;Alderman;3;3;;;;;52;;;;;;;;;;;;;;;;;;;;;;;;;;;;;;;;;;;;;;;;
Rep;Alderman;3;4;;;;;127;;;;;;;;;;;;;;;;;;;;;;;;;;;;;;;;;;;;;;;;
Rep;Alderman;3;5;;;;;108;;;;;;;;;;;;;;;;;;;;;;;;;;;;;;;;;;;;;;;;
Rep;Alderman;3;6;;;;;73;;;;;;;;;;;;;;;;;;;;;;;;;;;;;;;;;;;;;;;;
Rep;Alderman;3;7;;;;;77;;;;;;;;;;;;;;;;;;;;;;;;;;;;;;;;;;;;;;;;
Rep;Alderman;3;8;;;;;53;;;;;;;;;;;;;;;;;;;;;;;;;;;;;;;;;;;;;;;;
Rep;Alderman;4;1;;;;;45;;;;;;;;;;;;;;;;;;;;;;;;;;;;;;;;;;;;;;;;
Rep;Alderman;4;2;;;;;30;;;;;;;;;;;;;;;;;;;;;;;;;;;;;;;;;;;;;;;;
Rep;Alderman;4;3;;;;;62;;;;;;;;;;;;;;;;;;;;;;;;;;;;;;;;;;;;;;;;
Rep;Alderman;4;4;;;;;61;;;;;;;;;;;;;;;;;;;;;;;;;;;;;;;;;;;;;;;;
Rep;Alderman;4;5;;;;;54;;;;;;;;;;;;;;;;;;;;;;;;;;;;;;;;;;;;;;;;
Rep;Alderman;4;6;;;;;50;;;;;;;;;;;;;;;;;;;;;;;;;;;;;;;;;;;;;;;;
Rep;Alderman;4;7;;;;;30;;;;;;;;;;;;;;;;;;;;;;;;;;;;;;;;;;;;;;;;
Rep;Alderman;4;8;;;;;54;;;;;;;;;;;;;;;;;;;;;;;;;;;;;;;;;;;;;;;;
Rep;Alderman;4;9;;;;;37;;;;;;;;;;;;;;;;;;;;;;;;;;;;;;;;;;;;;;;;
Rep;Alderman;4;10;;;;;38;;;;;;;;;;;;;;;;;;;;;;;;;;;;;;;;;;;;;;;;
Rep;Alderman;5;1;;;;;29;;;;;;;;;;;;;;;;;;;;;;;;;;;;;;;;;;;;;;;;
Rep;Alderman;5;2;;;;;34;;;;;;;;;;;;;;;;;;;;;;;;;;;;;;;;;;;;;;;;
Rep;Alderman;5;3;;;;;94;;;;;;;;;;;;;;;;;;;;;;;;;;;;;;;;;;;;;;;;
Rep;Alderman;5;4;;;;;27;;;;;;;;;;;;;;;;;;;;;;;;;;;;;;;;;;;;;;;;
Rep;Alderman;5;5;;;;;61;;;;;;;;;;;;;;;;;;;;;;;;;;;;;;;;;;;;;;;;
Rep;Alderman;5;6;;;;;31;;;;;;;;;;;;;;;;;;;;;;;;;;;;;;;;;;;;;;;;
Rep;Alderman;5;7;;;;;27;;;;;;;;;;;;;;;;;;;;;;;;;;;;;;;;;;;;;;;;
Rep;Alderman;6;1;;;;;20;;;;;;;;;;;;;;;;;;;;;;;;;;;;;;;;80;;;;;;;;
Rep;Alderman;6;2;;;;;21;;;;;;;;;;;;;;;;;;;;;;;;;;;;;;;;59;;;;;;;;
Rep;Alderman;6;3;;;;;24;;;;;;;;;;;;;;;;;;;;;;;;;;;;;;;;63;;;;;;;;
Rep;Alderman;6;4;;;;;49;;;;;;;;;;;;;;;;;;;;;;;;;;;;;;;;326;;;;;;;;
Rep;Alderman;6;5;;;;;31;;;;;;;;;;;;;;;;;;;;;;;;;;;;;;;;101;;;;;;;;
Rep;Alderman;6;6;;;;;14;;;;;;;;;;;;;;;;;;;;;;;;;;;;;;;;90;;;;;;;;
Rep;Alderman;6;7;;;;;20;;;;;;;;;;;;;;;;;;;;;;;;;;;;;;;;106;;;;;;;;
Rep;Alderman;6;8;;;;;24;;;;;;;;;;;;;;;;;;;;;;;;;;;;;;;;215;;;;;;;;
Rep;Alderman;7;1;;;;;9;;;;;;;;;;;;;;;;;;;;;;;;;;;;;;;;;70;23;;;;;;
Rep;Alderman;7;2;;;;;11;;;;;;;;;;;;;;;;;;;;;;;;;;;;;;;;;108;53;;;;;;
Rep;Alderman;7;3;;;;;10;;;;;;;;;;;;;;;;;;;;;;;;;;;;;;;;;126;33;;;;;;
Rep;Alderman;7;4;;;;;6;;;;;;;;;;;;;;;;;;;;;;;;;;;;;;;;;164;64;;;;;;
Rep;Alderman;7;5;;;;;14;;;;;;;;;;;;;;;;;;;;;;;;;;;;;;;;;154;78;;;;;;
Rep;Alderman;7;6;;;;;7;;;;;;;;;;;;;;;;;;;;;;;;;;;;;;;;;172;25;;;;;;
Rep;Alderman;7;7;;;;;13;;;;;;;;;;;;;;;;;;;;;;;;;;;;;;;;;213;76;;;;;;
Rep;Alderman;7;8;;;;;6;;;;;;;;;;;;;;;;;;;;;;;;;;;;;;;;;148;29;;;;;;
Rep;Alderman;8;1;;;;;117;;;;;;;;;;;;;;;;;;;;;;;;;;;;;;;;;;;;;;;;
Rep;Alderman;8;2;;;;;83;;;;;;;;;;;;;;;;;;;;;;;;;;;;;;;;;;;;;;;;
Rep;Alderman;8;3;;;;;104;;;;;;;;;;;;;;;;;;;;;;;;;;;;;;;;;;;;;;;;
Rep;Alderman;8;4;;;;;166;;;;;;;;;;;;;;;;;;;;;;;;;;;;;;;;;;;1;1;1;;;
Rep;Alderman;8;5;;;;;71;;;;;;;;;;;;;;;;;;;;;;;;;;;;;;;;;;;;;;;;
Rep;Alderman;8;6;;;;;95;;;;;;;;;;;;;;;;;;;;;;;;;;;;;;;;;;;;;;;;
Rep;Alderman;9;1;;;;;19;;;;;;;;;;;;;;;;;;;;;;;;;;;;;;;;;;;;;;54;78;
Rep;Alderman;9;2;;;;;29;;;;;;;;;;;;;;;;;;;;;;;;;;;;;;;;;;;;;;181;198;
Rep;Alderman;9;3;;;;;7;;;;;;;;;;;;;;;;;;;;;;;;;;;;;;;;;;;;;;93;101;
Rep;Alderman;9;4;;;;;25;;;;;;;;;;;;;;;;;;;;;;;;;;;;;;;;;;;;;;131;116;
Rep;Alderman;9;5;;;;;16;;;;;;;;;;;;;;;;;;;;;;;;;;;;;;;;;;;;;;144;272;
Rep;Alderman;9;6;;;;;18;;;;;;;;;;;;;;;;;;;;;;;;;;;;;;;;;;;;;;110;217;
Rep;Alderman;9;7;;;;;19;;;;;;;;;;;;;;;;;;;;;;;;;;;;;;;;;;;;;;165;278;
Rep;Alderman;10;1;;;;;78;;;;;;;;;;;;;;;;;;;;;;;;;;;;;;;;;;;;;;;;401
Rep;Alderman;10;2;;;;;76;;;;;;;;;;;;;;;;;;;;;;;;;;;;;;;;;;;;;;;;256
Rep;Alderman;10;3;;;;;31;;;;;;;;;;;;;;;;;;;;;;;;;;;;;;;;;;;;;;;;97
Rep;Alderman;10;4;;;;;46;;;;;;;;;;;;;;;;;;;;;;;;;;;;;;;;;;;;;;;;305
Rep;Alderman;10;5;;;;;95;;;;;;;;;;;;;;;;;;;;;;;;;;;;;;;;;;;;;;;;495
Rep;Alderman;10;6;;;;;50;;;;;;;;;;;;;;;;;;;;;;;;;;;;;;;;;;;;;;;;252
Rep;Alderman;10;7;;;;;68;;;;;;;;;;;;;;;;;;;;;;;;;;;;;;;;;;;;;;;;319
